<?xml version="1.0" encoding="UTF-8"?>
<export version="E">
  <design>
    <source>C:\Users\moesk\code\Open-Pixel-Poi\Hardware\Electronics\kicad\kicad.kicad_sch</source>
    <date>8/20/2024 4:01:31 AM</date>
    <tool>Eeschema 7.0.10</tool>
    <sheet number="1" name="/" tstamps="/">
      <title_block>
        <title>Open Pixel Poi</title>
        <company>NuRxG Industries</company>
        <rev/>
        <date/>
        <source>kicad.kicad_sch</source>
        <comment number="1" value=""/>
        <comment number="2" value=""/>
        <comment number="3" value=""/>
        <comment number="4" value=""/>
        <comment number="5" value=""/>
        <comment number="6" value=""/>
        <comment number="7" value=""/>
        <comment number="8" value=""/>
        <comment number="9" value=""/>
      </title_block>
    </sheet>
  </design>
  <components>
    <comp ref="C1">
      <value>100n</value>
      <footprint>Capacitor_SMD:C_0805_2012Metric</footprint>
      <libsource lib="Device" part="C_Small" description="Unpolarized capacitor, small symbol"/>
      <property name="LCSC" value=""/>
      <property name="Sheetname" value=""/>
      <property name="Sheetfile" value="kicad.kicad_sch"/>
      <property name="ki_description" value="Unpolarized capacitor, small symbol"/>
      <property name="ki_keywords" value="capacitor cap"/>
      <sheetpath names="/" tstamps="/"/>
      <tstamps>953ae04e-3c3e-4d61-86aa-7815137c5c9f</tstamps>
    </comp>
    <comp ref="C6">
      <value>22u</value>
      <footprint>Capacitor_SMD:C_0402_1005Metric</footprint>
      <libsource lib="Device" part="C_Small" description="Unpolarized capacitor, small symbol"/>
      <property name="LCSC" value=""/>
      <property name="Sheetname" value=""/>
      <property name="Sheetfile" value="kicad.kicad_sch"/>
      <property name="ki_description" value="Unpolarized capacitor, small symbol"/>
      <property name="ki_keywords" value="capacitor cap"/>
      <sheetpath names="/" tstamps="/"/>
      <tstamps>d2ec261b-2cdb-4ce2-89bc-e427d9495505</tstamps>
    </comp>
    <comp ref="C7">
      <value>22u</value>
      <footprint>Capacitor_SMD:C_0402_1005Metric</footprint>
      <libsource lib="Device" part="C_Small" description="Unpolarized capacitor, small symbol"/>
      <property name="LCSC" value=""/>
      <property name="Sheetname" value=""/>
      <property name="Sheetfile" value="kicad.kicad_sch"/>
      <property name="ki_description" value="Unpolarized capacitor, small symbol"/>
      <property name="ki_keywords" value="capacitor cap"/>
      <sheetpath names="/" tstamps="/"/>
      <tstamps>3c78c077-3a4f-4f57-b201-6ac5f9e19d75</tstamps>
    </comp>
    <comp ref="D1">
      <value>LED</value>
      <footprint>LED_SMD:LED_0603_1608Metric</footprint>
      <libsource lib="Device" part="LED" description="Light emitting diode"/>
      <property name="LCSC" value=""/>
      <property name="Sheetname" value=""/>
      <property name="Sheetfile" value="kicad.kicad_sch"/>
      <property name="ki_description" value="Light emitting diode"/>
      <property name="ki_keywords" value="LED diode"/>
      <sheetpath names="/" tstamps="/"/>
      <tstamps>0b5f8879-cff4-464d-bca7-c40ebd594a48</tstamps>
    </comp>
    <comp ref="F1">
      <value>Polyfuse_Small (1A)</value>
      <footprint>Fuse:Fuse_1206_3216Metric</footprint>
      <libsource lib="Device" part="Polyfuse_Small" description="Resettable fuse, polymeric positive temperature coefficient, small symbol"/>
      <property name="LCSC" value=""/>
      <property name="Sheetname" value=""/>
      <property name="Sheetfile" value="kicad.kicad_sch"/>
      <property name="ki_description" value="Resettable fuse, polymeric positive temperature coefficient, small symbol"/>
      <property name="ki_keywords" value="resettable fuse PTC PPTC polyfuse polyswitch"/>
      <sheetpath names="/" tstamps="/"/>
      <tstamps>783deadb-8d49-4262-98e7-d04c5aa641b6</tstamps>
    </comp>
    <comp ref="J1">
      <value>Conn_01x03_Socket</value>
      <footprint>Connector_JST:JST_PH_B3B-PH-K_1x03_P2.00mm_Vertical</footprint>
      <libsource lib="Connector" part="Conn_01x03_Socket" description="Generic connector, single row, 01x03, script generated"/>
      <property name="LCSC" value=""/>
      <property name="Sheetname" value=""/>
      <property name="Sheetfile" value="kicad.kicad_sch"/>
      <property name="ki_description" value="Generic connector, single row, 01x03, script generated"/>
      <property name="ki_keywords" value="connector"/>
      <sheetpath names="/" tstamps="/"/>
      <tstamps>69e1861c-99f5-4f1d-af55-a3edac2193d6</tstamps>
    </comp>
    <comp ref="J6">
      <value>USB_C_Receptacle_USB2.0_16P</value>
      <footprint>Connector_USB:USB_C_Receptacle_HRO_TYPE-C-31-M-12</footprint>
      <datasheet>https://www.usb.org/sites/default/files/documents/usb_type-c.zip</datasheet>
      <fields>
        <field name="LCSC">C2765186</field>
      </fields>
      <libsource lib="Connector" part="USB_C_Receptacle_USB2.0_16P" description="USB 2.0-only 16P Type-C Receptacle connector"/>
      <property name="LCSC" value="C2765186"/>
      <property name="Sheetname" value=""/>
      <property name="Sheetfile" value="kicad.kicad_sch"/>
      <property name="ki_description" value="USB 2.0-only 16P Type-C Receptacle connector"/>
      <property name="ki_keywords" value="usb universal serial bus type-C USB2.0"/>
      <sheetpath names="/" tstamps="/"/>
      <tstamps>d21eae0b-1703-4183-be16-8b6fc2974671</tstamps>
    </comp>
    <comp ref="Q1">
      <value>BSS138</value>
      <footprint>Package_TO_SOT_SMD:SOT-23</footprint>
      <datasheet>https://www.onsemi.com/pub/Collateral/BSS138-D.PDF</datasheet>
      <fields>
        <field name="LCSC">C5224244</field>
      </fields>
      <libsource lib="Transistor_FET" part="BSS138" description="50V Vds, 0.22A Id, N-Channel MOSFET, SOT-23"/>
      <property name="LCSC" value="C5224244"/>
      <property name="Sheetname" value=""/>
      <property name="Sheetfile" value="kicad.kicad_sch"/>
      <property name="ki_description" value="50V Vds, 0.22A Id, N-Channel MOSFET, SOT-23"/>
      <property name="ki_keywords" value="N-Channel MOSFET"/>
      <sheetpath names="/" tstamps="/"/>
      <tstamps>a60a03d4-0338-4713-8ce2-5eb8535f7b06</tstamps>
    </comp>
    <comp ref="R1">
      <value>5k1</value>
      <footprint>Resistor_SMD:R_0603_1608Metric</footprint>
      <libsource lib="Device" part="R_Small" description="Resistor, small symbol"/>
      <property name="LCSC" value=""/>
      <property name="Sheetname" value=""/>
      <property name="Sheetfile" value="kicad.kicad_sch"/>
      <property name="ki_description" value="Resistor, small symbol"/>
      <property name="ki_keywords" value="R resistor"/>
      <sheetpath names="/" tstamps="/"/>
      <tstamps>225e45f0-c366-4163-9ff6-d72b352fec26</tstamps>
    </comp>
    <comp ref="R2">
      <value>5k1</value>
      <footprint>Resistor_SMD:R_0603_1608Metric</footprint>
      <libsource lib="Device" part="R_Small" description="Resistor, small symbol"/>
      <property name="LCSC" value=""/>
      <property name="Sheetname" value=""/>
      <property name="Sheetfile" value="kicad.kicad_sch"/>
      <property name="ki_description" value="Resistor, small symbol"/>
      <property name="ki_keywords" value="R resistor"/>
      <sheetpath names="/" tstamps="/"/>
      <tstamps>3bf2a907-df37-4594-a621-876f7b3db520</tstamps>
    </comp>
    <comp ref="R3">
      <value>100k</value>
      <footprint>Resistor_SMD:R_0603_1608Metric</footprint>
      <libsource lib="Device" part="R_Small" description="Resistor, small symbol"/>
      <property name="LCSC" value=""/>
      <property name="Sheetname" value=""/>
      <property name="Sheetfile" value="kicad.kicad_sch"/>
      <property name="ki_description" value="Resistor, small symbol"/>
      <property name="ki_keywords" value="R resistor"/>
      <sheetpath names="/" tstamps="/"/>
      <tstamps>a1480b7f-afdb-4700-9576-d772e05ae8c5</tstamps>
    </comp>
    <comp ref="R4">
      <value>10k</value>
      <footprint>Resistor_SMD:R_0603_1608Metric</footprint>
      <libsource lib="Device" part="R_Small" description="Resistor, small symbol"/>
      <property name="LCSC" value=""/>
      <property name="Sheetname" value=""/>
      <property name="Sheetfile" value="kicad.kicad_sch"/>
      <property name="ki_description" value="Resistor, small symbol"/>
      <property name="ki_keywords" value="R resistor"/>
      <sheetpath names="/" tstamps="/"/>
      <tstamps>3e4870f5-a409-4e03-9d01-cba3cea7c563</tstamps>
    </comp>
    <comp ref="R5">
      <value>1k</value>
      <footprint>Resistor_SMD:R_0603_1608Metric</footprint>
      <libsource lib="Device" part="R_Small" description="Resistor, small symbol"/>
      <property name="LCSC" value=""/>
      <property name="Sheetname" value=""/>
      <property name="Sheetfile" value="kicad.kicad_sch"/>
      <property name="ki_description" value="Resistor, small symbol"/>
      <property name="ki_keywords" value="R resistor"/>
      <sheetpath names="/" tstamps="/"/>
      <tstamps>60d91e2a-9058-4ae7-9334-371e00df76fa</tstamps>
    </comp>
    <comp ref="SW1">
      <value>SW_Push</value>
      <footprint>Button_Switch_SMD:SW_SPST_B3U-1000P</footprint>
      <libsource lib="Switch" part="SW_Push" description="Push button switch, generic, two pins"/>
      <property name="LCSC" value=""/>
      <property name="Sheetname" value=""/>
      <property name="Sheetfile" value="kicad.kicad_sch"/>
      <property name="ki_description" value="Push button switch, generic, two pins"/>
      <property name="ki_keywords" value="switch normally-open pushbutton push-button"/>
      <sheetpath names="/" tstamps="/"/>
      <tstamps>ca4a020b-cc12-47c0-9005-541dd3584671</tstamps>
    </comp>
    <comp ref="SW2">
      <value>SW_Push</value>
      <footprint>Button_Switch_SMD:SW_SPST_B3U-1000P</footprint>
      <libsource lib="Switch" part="SW_Push" description="Push button switch, generic, two pins"/>
      <property name="LCSC" value=""/>
      <property name="Sheetname" value=""/>
      <property name="Sheetfile" value="kicad.kicad_sch"/>
      <property name="ki_description" value="Push button switch, generic, two pins"/>
      <property name="ki_keywords" value="switch normally-open pushbutton push-button"/>
      <sheetpath names="/" tstamps="/"/>
      <tstamps>68ff25f0-6757-41aa-9034-c5d6611fded6</tstamps>
    </comp>
    <comp ref="SW3">
      <value>SW_Push</value>
      <footprint>Button_Switch_SMD:Panasonic_EVQPUL_EVQPUC</footprint>
      <libsource lib="Switch" part="SW_Push" description="Push button switch, generic, two pins"/>
      <property name="LCSC" value=""/>
      <property name="Sheetname" value=""/>
      <property name="Sheetfile" value="kicad.kicad_sch"/>
      <property name="ki_description" value="Push button switch, generic, two pins"/>
      <property name="ki_keywords" value="switch normally-open pushbutton push-button"/>
      <sheetpath names="/" tstamps="/"/>
      <tstamps>beeaba44-f94e-45a2-bb9f-fe5a44b279d4</tstamps>
    </comp>
    <comp ref="U1">
      <value>USBLC6-2P6</value>
      <footprint>Package_TO_SOT_SMD:SOT-666</footprint>
      <datasheet>https://www.st.com/resource/en/datasheet/usblc6-2.pdf</datasheet>
      <libsource lib="Power_Protection" part="USBLC6-2P6" description="Very low capacitance ESD protection diode, 2 data-line, SOT-666"/>
      <property name="LCSC" value=""/>
      <property name="Sheetname" value=""/>
      <property name="Sheetfile" value="kicad.kicad_sch"/>
      <property name="ki_description" value="Very low capacitance ESD protection diode, 2 data-line, SOT-666"/>
      <property name="ki_keywords" value="usb ethernet video"/>
      <sheetpath names="/" tstamps="/"/>
      <tstamps>bf43b705-489b-4f17-8e7f-156646a7895f</tstamps>
    </comp>
    <comp ref="U3">
      <value>ESP32-C3-MINI-1-N4</value>
      <footprint>footprints:ESP32-C3-MINI-1_EXP</footprint>
      <datasheet>ESP32-C3-MINI-1-N4</datasheet>
      <fields>
        <field name="LCSC">C2934569</field>
      </fields>
      <libsource lib="2024-07-29_21-44-56" part="ESP32-C3-MINI-1-N4" description=""/>
      <property name="LCSC" value="C2934569"/>
      <property name="Sheetname" value=""/>
      <property name="Sheetfile" value="kicad.kicad_sch"/>
      <property name="ki_keywords" value="ESP32-C3-MINI-1-N4"/>
      <sheetpath names="/" tstamps="/"/>
      <tstamps>08feeed7-564a-4969-ac17-0fb8a95344b9</tstamps>
    </comp>
    <comp ref="U5">
      <value>TLV1117-33</value>
      <footprint>Package_TO_SOT_SMD:SOT-223-3_TabPin2</footprint>
      <datasheet>http://www.ti.com/lit/ds/symlink/tlv1117.pdf</datasheet>
      <fields>
        <field name="LCSC">C37359</field>
      </fields>
      <libsource lib="Regulator_Linear" part="TLV1117-33" description="800mA Low-Dropout Linear Regulator, 3.3V fixed output, TO-220/TO-252/TO-263/SOT-223"/>
      <property name="LCSC" value="C37359"/>
      <property name="Sheetname" value=""/>
      <property name="Sheetfile" value="kicad.kicad_sch"/>
      <property name="ki_description" value="800mA Low-Dropout Linear Regulator, 3.3V fixed output, TO-220/TO-252/TO-263/SOT-223"/>
      <property name="ki_keywords" value="linear regulator ldo fixed positive"/>
      <sheetpath names="/" tstamps="/"/>
      <tstamps>0841b4c4-81f0-487b-b656-42235ded0ceb</tstamps>
    </comp>
  </components>
  <libparts>
    <libpart lib="2024-07-29_21-44-56" part="ESP32-C3-MINI-1-N4">
      <docs>ESP32-C3-MINI-1-N4</docs>
      <footprints>
        <fp>ESP32-C3-MINI-1_EXP</fp>
      </footprints>
      <fields>
        <field name="Reference">U</field>
        <field name="Value">ESP32-C3-MINI-1-N4</field>
        <field name="Footprint">ESP32-C3-MINI-1_EXP</field>
        <field name="Datasheet">ESP32-C3-MINI-1-N4</field>
      </fields>
      <pins>
        <pin num="1" name="GND" type="power_out"/>
        <pin num="2" name="GND" type="power_out"/>
        <pin num="3" name="3V3" type="power_in"/>
        <pin num="4" name="NC" type="no_connect"/>
        <pin num="5" name="IO2" type="bidirectional"/>
        <pin num="6" name="IO3" type="bidirectional"/>
        <pin num="7" name="NC" type="no_connect"/>
        <pin num="8" name="EN" type="input"/>
        <pin num="9" name="NC" type="no_connect"/>
        <pin num="10" name="NC" type="no_connect"/>
        <pin num="11" name="GND" type="power_out"/>
        <pin num="12" name="IO0" type="bidirectional"/>
        <pin num="13" name="IO1" type="bidirectional"/>
        <pin num="14" name="GND" type="power_out"/>
        <pin num="15" name="NC" type="no_connect"/>
        <pin num="16" name="IO10" type="bidirectional"/>
        <pin num="17" name="NC" type="no_connect"/>
        <pin num="18" name="IO4" type="bidirectional"/>
        <pin num="19" name="IO5" type="bidirectional"/>
        <pin num="20" name="IO6" type="bidirectional"/>
        <pin num="21" name="IO7" type="bidirectional"/>
        <pin num="22" name="IO8" type="bidirectional"/>
        <pin num="23" name="IO9" type="bidirectional"/>
        <pin num="24" name="NC" type="no_connect"/>
        <pin num="25" name="NC" type="no_connect"/>
        <pin num="26" name="IO18" type="bidirectional"/>
        <pin num="27" name="IO19" type="bidirectional"/>
        <pin num="28" name="NC" type="no_connect"/>
        <pin num="29" name="NC" type="no_connect"/>
        <pin num="30" name="RXD0" type="bidirectional"/>
        <pin num="31" name="TXD0" type="bidirectional"/>
        <pin num="32" name="NC" type="no_connect"/>
        <pin num="33" name="NC" type="no_connect"/>
        <pin num="34" name="NC" type="no_connect"/>
        <pin num="35" name="NC" type="no_connect"/>
        <pin num="36" name="GND" type="power_out"/>
        <pin num="37" name="GND" type="power_out"/>
        <pin num="38" name="GND" type="power_out"/>
        <pin num="39" name="GND" type="power_out"/>
        <pin num="40" name="GND" type="power_out"/>
        <pin num="41" name="GND" type="power_out"/>
        <pin num="42" name="GND" type="power_out"/>
        <pin num="43" name="GND" type="power_out"/>
        <pin num="44" name="GND" type="power_out"/>
        <pin num="45" name="GND" type="power_out"/>
        <pin num="46" name="GND" type="power_out"/>
        <pin num="47" name="GND" type="power_out"/>
        <pin num="48" name="GND" type="power_out"/>
        <pin num="49" name="GND" type="power_out"/>
        <pin num="50" name="GND" type="power_out"/>
        <pin num="51" name="GND" type="power_out"/>
        <pin num="52" name="GND" type="power_out"/>
        <pin num="53" name="GND" type="power_out"/>
        <pin num="54" name="GND" type="power_out"/>
        <pin num="55" name="GND" type="power_out"/>
        <pin num="56" name="GND" type="power_out"/>
        <pin num="57" name="GND" type="power_out"/>
        <pin num="58" name="GND" type="power_out"/>
        <pin num="59" name="GND" type="power_out"/>
        <pin num="60" name="GND" type="power_out"/>
        <pin num="61" name="GND" type="power_out"/>
      </pins>
    </libpart>
    <libpart lib="Connector" part="Conn_01x03_Socket">
      <description>Generic connector, single row, 01x03, script generated</description>
      <docs>~</docs>
      <footprints>
        <fp>Connector*:*_1x??_*</fp>
      </footprints>
      <fields>
        <field name="Reference">J</field>
        <field name="Value">Conn_01x03_Socket</field>
        <field name="Datasheet">~</field>
      </fields>
      <pins>
        <pin num="1" name="Pin_1" type="passive"/>
        <pin num="2" name="Pin_2" type="passive"/>
        <pin num="3" name="Pin_3" type="passive"/>
      </pins>
    </libpart>
    <libpart lib="Connector" part="USB_C_Receptacle_USB2.0_16P">
      <description>USB 2.0-only 16P Type-C Receptacle connector</description>
      <docs>https://www.usb.org/sites/default/files/documents/usb_type-c.zip</docs>
      <footprints>
        <fp>USB*C*Receptacle*</fp>
      </footprints>
      <fields>
        <field name="Reference">J</field>
        <field name="Value">USB_C_Receptacle_USB2.0_16P</field>
        <field name="Datasheet">https://www.usb.org/sites/default/files/documents/usb_type-c.zip</field>
      </fields>
      <pins>
        <pin num="A1" name="GND" type="passive"/>
        <pin num="A4" name="VBUS" type="passive"/>
        <pin num="A5" name="CC1" type="bidirectional"/>
        <pin num="A6" name="D+" type="bidirectional"/>
        <pin num="A7" name="D-" type="bidirectional"/>
        <pin num="A8" name="SBU1" type="bidirectional"/>
        <pin num="A9" name="VBUS" type="passive"/>
        <pin num="A12" name="GND" type="passive"/>
        <pin num="B1" name="GND" type="passive"/>
        <pin num="B4" name="VBUS" type="passive"/>
        <pin num="B5" name="CC2" type="bidirectional"/>
        <pin num="B6" name="D+" type="bidirectional"/>
        <pin num="B7" name="D-" type="bidirectional"/>
        <pin num="B8" name="SBU2" type="bidirectional"/>
        <pin num="B9" name="VBUS" type="passive"/>
        <pin num="B12" name="GND" type="passive"/>
        <pin num="S1" name="SHIELD" type="passive"/>
      </pins>
    </libpart>
    <libpart lib="Device" part="C_Small">
      <description>Unpolarized capacitor, small symbol</description>
      <docs>~</docs>
      <footprints>
        <fp>C_*</fp>
      </footprints>
      <fields>
        <field name="Reference">C</field>
        <field name="Value">C_Small</field>
        <field name="Datasheet">~</field>
      </fields>
      <pins>
        <pin num="1" name="" type="passive"/>
        <pin num="2" name="" type="passive"/>
      </pins>
    </libpart>
    <libpart lib="Device" part="LED">
      <description>Light emitting diode</description>
      <docs>~</docs>
      <footprints>
        <fp>LED*</fp>
        <fp>LED_SMD:*</fp>
        <fp>LED_THT:*</fp>
      </footprints>
      <fields>
        <field name="Reference">D</field>
        <field name="Value">LED</field>
        <field name="Datasheet">~</field>
      </fields>
      <pins>
        <pin num="1" name="K" type="passive"/>
        <pin num="2" name="A" type="passive"/>
      </pins>
    </libpart>
    <libpart lib="Device" part="Polyfuse_Small">
      <description>Resettable fuse, polymeric positive temperature coefficient, small symbol</description>
      <docs>~</docs>
      <footprints>
        <fp>*polyfuse*</fp>
        <fp>*PTC*</fp>
      </footprints>
      <fields>
        <field name="Reference">F</field>
        <field name="Value">Polyfuse_Small</field>
        <field name="Datasheet">~</field>
      </fields>
      <pins>
        <pin num="1" name="" type="passive"/>
        <pin num="2" name="" type="passive"/>
      </pins>
    </libpart>
    <libpart lib="Device" part="R_Small">
      <description>Resistor, small symbol</description>
      <docs>~</docs>
      <footprints>
        <fp>R_*</fp>
      </footprints>
      <fields>
        <field name="Reference">R</field>
        <field name="Value">R_Small</field>
        <field name="Datasheet">~</field>
      </fields>
      <pins>
        <pin num="1" name="" type="passive"/>
        <pin num="2" name="" type="passive"/>
      </pins>
    </libpart>
    <libpart lib="Power_Protection" part="USBLC6-2P6">
      <description>Very low capacitance ESD protection diode, 2 data-line, SOT-666</description>
      <docs>https://www.st.com/resource/en/datasheet/usblc6-2.pdf</docs>
      <footprints>
        <fp>SOT?666*</fp>
      </footprints>
      <fields>
        <field name="Reference">U</field>
        <field name="Value">USBLC6-2P6</field>
        <field name="Footprint">Package_TO_SOT_SMD:SOT-666</field>
        <field name="Datasheet">https://www.st.com/resource/en/datasheet/usblc6-2.pdf</field>
      </fields>
      <pins>
        <pin num="1" name="I/O1" type="passive"/>
        <pin num="2" name="GND" type="passive"/>
        <pin num="3" name="I/O2" type="passive"/>
        <pin num="4" name="I/O2" type="passive"/>
        <pin num="5" name="VBUS" type="passive"/>
        <pin num="6" name="I/O1" type="passive"/>
      </pins>
    </libpart>
    <libpart lib="Regulator_Linear" part="TLV1117-33">
      <description>800mA Low-Dropout Linear Regulator, 3.3V fixed output, TO-220/TO-252/TO-263/SOT-223</description>
      <docs>http://www.ti.com/lit/ds/symlink/tlv1117.pdf</docs>
      <footprints>
        <fp>SOT?223*</fp>
        <fp>TO?263*</fp>
        <fp>TO?252*</fp>
        <fp>TO?220*</fp>
      </footprints>
      <fields>
        <field name="Reference">U</field>
        <field name="Value">TLV1117-33</field>
        <field name="Datasheet">http://www.ti.com/lit/ds/symlink/tlv1117.pdf</field>
      </fields>
      <pins>
        <pin num="1" name="GND" type="power_in"/>
        <pin num="2" name="VO" type="power_out"/>
        <pin num="3" name="VI" type="power_in"/>
      </pins>
    </libpart>
    <libpart lib="Switch" part="SW_Push">
      <description>Push button switch, generic, two pins</description>
      <docs>~</docs>
      <fields>
        <field name="Reference">SW</field>
        <field name="Value">SW_Push</field>
        <field name="Datasheet">~</field>
      </fields>
      <pins>
        <pin num="1" name="1" type="passive"/>
        <pin num="2" name="2" type="passive"/>
      </pins>
    </libpart>
    <libpart lib="Transistor_FET" part="BSS138">
      <description>50V Vds, 0.22A Id, N-Channel MOSFET, SOT-23</description>
      <docs>https://www.onsemi.com/pub/Collateral/BSS138-D.PDF</docs>
      <footprints>
        <fp>SOT?23*</fp>
      </footprints>
      <fields>
        <field name="Reference">Q</field>
        <field name="Value">BSS138</field>
        <field name="Footprint">Package_TO_SOT_SMD:SOT-23</field>
        <field name="Datasheet">https://www.onsemi.com/pub/Collateral/BSS138-D.PDF</field>
      </fields>
      <pins>
        <pin num="1" name="G" type="input"/>
        <pin num="2" name="S" type="passive"/>
        <pin num="3" name="D" type="passive"/>
      </pins>
    </libpart>
  </libparts>
  <libraries>
    <library logical="2024-07-29_21-44-56">
      <uri>C:\Users\moesk\code\Open-Pixel-Poi\Hardware\Electronics\kicad/ESP32_C3_MINI_1_N4/KiCADv6/2024-07-29_21-44-56.kicad_sym</uri>
    </library>
    <library logical="Connector">
      <uri>C:\Program Files\KiCad\7.0\share\kicad\symbols\/Connector.kicad_sym</uri>
    </library>
    <library logical="Device">
      <uri>C:\Program Files\KiCad\7.0\share\kicad\symbols\/Device.kicad_sym</uri>
    </library>
    <library logical="Power_Protection">
      <uri>C:\Program Files\KiCad\7.0\share\kicad\symbols\/Power_Protection.kicad_sym</uri>
    </library>
    <library logical="Regulator_Linear">
      <uri>C:\Program Files\KiCad\7.0\share\kicad\symbols\/Regulator_Linear.kicad_sym</uri>
    </library>
    <library logical="Switch">
      <uri>C:\Program Files\KiCad\7.0\share\kicad\symbols\/Switch.kicad_sym</uri>
    </library>
    <library logical="Transistor_FET">
      <uri>C:\Program Files\KiCad\7.0\share\kicad\symbols\/Transistor_FET.kicad_sym</uri>
    </library>
  </libraries>
  <nets>
    <net code="1" name="+3.3V">
      <node ref="C7" pin="2" pintype="passive"/>
      <node ref="Q1" pin="1" pinfunction="G" pintype="input"/>
      <node ref="R3" pin="2" pintype="passive"/>
      <node ref="R5" pin="2" pintype="passive"/>
      <node ref="U3" pin="3" pinfunction="3V3" pintype="power_in"/>
      <node ref="U5" pin="2" pinfunction="VO" pintype="power_out"/>
    </net>
    <net code="2" name="+5V">
      <node ref="C6" pin="2" pintype="passive"/>
      <node ref="F1" pin="2" pintype="passive"/>
      <node ref="J1" pin="1" pinfunction="Pin_1" pintype="passive"/>
      <node ref="R4" pin="2" pintype="passive"/>
      <node ref="U1" pin="5" pinfunction="VBUS" pintype="passive"/>
      <node ref="U5" pin="3" pinfunction="VI" pintype="power_in"/>
    </net>
    <net code="3" name="+5VP">
      <node ref="F1" pin="1" pintype="passive"/>
      <node ref="J6" pin="A4" pinfunction="VBUS" pintype="passive"/>
      <node ref="J6" pin="A9" pinfunction="VBUS" pintype="passive"/>
      <node ref="J6" pin="B4" pinfunction="VBUS" pintype="passive"/>
      <node ref="J6" pin="B9" pinfunction="VBUS" pintype="passive"/>
    </net>
    <net code="4" name="BOOT">
      <node ref="SW2" pin="2" pinfunction="2" pintype="passive"/>
      <node ref="U3" pin="23" pinfunction="IO9" pintype="bidirectional"/>
    </net>
    <net code="5" name="GND">
      <node ref="C1" pin="1" pintype="passive"/>
      <node ref="C6" pin="1" pintype="passive"/>
      <node ref="C7" pin="1" pintype="passive"/>
      <node ref="D1" pin="1" pinfunction="K" pintype="passive"/>
      <node ref="J1" pin="3" pinfunction="Pin_3" pintype="passive"/>
      <node ref="J6" pin="A1" pinfunction="GND" pintype="passive"/>
      <node ref="J6" pin="A12" pinfunction="GND" pintype="passive"/>
      <node ref="J6" pin="B1" pinfunction="GND" pintype="passive"/>
      <node ref="J6" pin="B12" pinfunction="GND" pintype="passive"/>
      <node ref="J6" pin="S1" pinfunction="SHIELD" pintype="passive"/>
      <node ref="R1" pin="2" pintype="passive"/>
      <node ref="R2" pin="2" pintype="passive"/>
      <node ref="SW1" pin="1" pinfunction="1" pintype="passive"/>
      <node ref="SW2" pin="1" pinfunction="1" pintype="passive"/>
      <node ref="SW3" pin="1" pinfunction="1" pintype="passive"/>
      <node ref="U1" pin="2" pinfunction="GND" pintype="passive"/>
      <node ref="U3" pin="1" pinfunction="GND" pintype="power_out"/>
      <node ref="U3" pin="11" pinfunction="GND" pintype="power_out"/>
      <node ref="U3" pin="12" pinfunction="IO0" pintype="bidirectional"/>
      <node ref="U3" pin="13" pinfunction="IO1" pintype="bidirectional"/>
      <node ref="U3" pin="14" pinfunction="GND" pintype="power_out"/>
      <node ref="U3" pin="16" pinfunction="IO10" pintype="bidirectional"/>
      <node ref="U3" pin="18" pinfunction="IO4" pintype="bidirectional"/>
      <node ref="U3" pin="19" pinfunction="IO5" pintype="bidirectional"/>
      <node ref="U3" pin="2" pinfunction="GND" pintype="power_out"/>
      <node ref="U3" pin="20" pinfunction="IO6" pintype="bidirectional"/>
      <node ref="U3" pin="21" pinfunction="IO7" pintype="bidirectional"/>
      <node ref="U3" pin="31" pinfunction="TXD0" pintype="bidirectional"/>
      <node ref="U3" pin="36" pinfunction="GND" pintype="power_out"/>
      <node ref="U3" pin="37" pinfunction="GND" pintype="power_out"/>
      <node ref="U3" pin="38" pinfunction="GND" pintype="power_out"/>
      <node ref="U3" pin="39" pinfunction="GND" pintype="power_out"/>
      <node ref="U3" pin="40" pinfunction="GND" pintype="power_out"/>
      <node ref="U3" pin="41" pinfunction="GND" pintype="power_out"/>
      <node ref="U3" pin="42" pinfunction="GND" pintype="power_out"/>
      <node ref="U3" pin="43" pinfunction="GND" pintype="power_out"/>
      <node ref="U3" pin="44" pinfunction="GND" pintype="power_out"/>
      <node ref="U3" pin="45" pinfunction="GND" pintype="power_out"/>
      <node ref="U3" pin="46" pinfunction="GND" pintype="power_out"/>
      <node ref="U3" pin="47" pinfunction="GND" pintype="power_out"/>
      <node ref="U3" pin="48" pinfunction="GND" pintype="power_out"/>
      <node ref="U3" pin="49" pinfunction="GND" pintype="power_out"/>
      <node ref="U3" pin="50" pinfunction="GND" pintype="power_out"/>
      <node ref="U3" pin="51" pinfunction="GND" pintype="power_out"/>
      <node ref="U3" pin="52" pinfunction="GND" pintype="power_out"/>
      <node ref="U3" pin="53" pinfunction="GND" pintype="power_out"/>
      <node ref="U3" pin="54" pinfunction="GND" pintype="power_out"/>
      <node ref="U3" pin="55" pinfunction="GND" pintype="power_out"/>
      <node ref="U3" pin="56" pinfunction="GND" pintype="power_out"/>
      <node ref="U3" pin="57" pinfunction="GND" pintype="power_out"/>
      <node ref="U3" pin="58" pinfunction="GND" pintype="power_out"/>
      <node ref="U3" pin="59" pinfunction="GND" pintype="power_out"/>
      <node ref="U3" pin="60" pinfunction="GND" pintype="power_out"/>
      <node ref="U3" pin="61" pinfunction="GND" pintype="power_out"/>
      <node ref="U5" pin="1" pinfunction="GND" pintype="power_in"/>
    </net>
    <net code="6" name="LED Data">
      <node ref="Q1" pin="2" pinfunction="S" pintype="passive"/>
      <node ref="U3" pin="22" pinfunction="IO8" pintype="bidirectional"/>
    </net>
    <net code="7" name="Net-(D1-A)">
      <node ref="D1" pin="2" pinfunction="A" pintype="passive"/>
      <node ref="R5" pin="1" pintype="passive"/>
    </net>
    <net code="8" name="Net-(J1-Pin_2)">
      <node ref="J1" pin="2" pinfunction="Pin_2" pintype="passive"/>
      <node ref="Q1" pin="3" pinfunction="D" pintype="passive"/>
      <node ref="R4" pin="1" pintype="passive"/>
    </net>
    <net code="9" name="Net-(J6-CC1)">
      <node ref="J6" pin="A5" pinfunction="CC1" pintype="bidirectional"/>
      <node ref="R1" pin="1" pintype="passive"/>
    </net>
    <net code="10" name="Net-(J6-CC2)">
      <node ref="J6" pin="B5" pinfunction="CC2" pintype="bidirectional"/>
      <node ref="R2" pin="1" pintype="passive"/>
    </net>
    <net code="11" name="Net-(J6-D+-PadA6)">
      <node ref="J6" pin="A6" pinfunction="D+" pintype="bidirectional"/>
      <node ref="J6" pin="B6" pinfunction="D+" pintype="bidirectional"/>
      <node ref="U1" pin="3" pinfunction="I/O2" pintype="passive"/>
    </net>
    <net code="12" name="Net-(J6-D--PadA7)">
      <node ref="J6" pin="A7" pinfunction="D-" pintype="bidirectional"/>
      <node ref="J6" pin="B7" pinfunction="D-" pintype="bidirectional"/>
      <node ref="U1" pin="1" pinfunction="I/O1" pintype="passive"/>
    </net>
    <net code="13" name="POI SW">
      <node ref="SW3" pin="2" pinfunction="2" pintype="passive"/>
      <node ref="U3" pin="6" pinfunction="IO3" pintype="bidirectional"/>
    </net>
    <net code="14" name="REG_SIGNAL">
      <node ref="U3" pin="30" pinfunction="RXD0" pintype="bidirectional"/>
    </net>
    <net code="15" name="RESET">
      <node ref="C1" pin="2" pintype="passive"/>
      <node ref="R3" pin="1" pintype="passive"/>
      <node ref="SW1" pin="2" pinfunction="2" pintype="passive"/>
      <node ref="U3" pin="8" pinfunction="EN" pintype="input"/>
    </net>
    <net code="16" name="USB_D+">
      <node ref="U1" pin="4" pinfunction="I/O2" pintype="passive"/>
      <node ref="U3" pin="27" pinfunction="IO19" pintype="bidirectional"/>
    </net>
    <net code="17" name="USB_D-">
      <node ref="U1" pin="6" pinfunction="I/O1" pintype="passive"/>
      <node ref="U3" pin="26" pinfunction="IO18" pintype="bidirectional"/>
    </net>
    <net code="18" name="VBATT_SENSE">
      <node ref="U3" pin="5" pinfunction="IO2" pintype="bidirectional"/>
    </net>
    <net code="19" name="unconnected-(J6-SBU1-PadA8)">
      <node ref="J6" pin="A8" pinfunction="SBU1" pintype="bidirectional"/>
    </net>
    <net code="20" name="unconnected-(J6-SBU2-PadB8)">
      <node ref="J6" pin="B8" pinfunction="SBU2" pintype="bidirectional"/>
    </net>
    <net code="21" name="unconnected-(U3-NC-Pad4)">
      <node ref="U3" pin="4" pinfunction="NC" pintype="no_connect"/>
    </net>
    <net code="22" name="unconnected-(U3-NC-Pad7)">
      <node ref="U3" pin="7" pinfunction="NC" pintype="no_connect"/>
    </net>
    <net code="23" name="unconnected-(U3-NC-Pad9)">
      <node ref="U3" pin="9" pinfunction="NC" pintype="no_connect"/>
    </net>
    <net code="24" name="unconnected-(U3-NC-Pad10)">
      <node ref="U3" pin="10" pinfunction="NC" pintype="no_connect"/>
    </net>
    <net code="25" name="unconnected-(U3-NC-Pad15)">
      <node ref="U3" pin="15" pinfunction="NC" pintype="no_connect"/>
    </net>
    <net code="26" name="unconnected-(U3-NC-Pad17)">
      <node ref="U3" pin="17" pinfunction="NC" pintype="no_connect"/>
    </net>
    <net code="27" name="unconnected-(U3-NC-Pad24)">
      <node ref="U3" pin="24" pinfunction="NC" pintype="no_connect"/>
    </net>
    <net code="28" name="unconnected-(U3-NC-Pad25)">
      <node ref="U3" pin="25" pinfunction="NC" pintype="no_connect"/>
    </net>
    <net code="29" name="unconnected-(U3-NC-Pad28)">
      <node ref="U3" pin="28" pinfunction="NC" pintype="no_connect"/>
    </net>
    <net code="30" name="unconnected-(U3-NC-Pad29)">
      <node ref="U3" pin="29" pinfunction="NC" pintype="no_connect"/>
    </net>
    <net code="31" name="unconnected-(U3-NC-Pad32)">
      <node ref="U3" pin="32" pinfunction="NC" pintype="no_connect"/>
    </net>
    <net code="32" name="unconnected-(U3-NC-Pad33)">
      <node ref="U3" pin="33" pinfunction="NC" pintype="no_connect"/>
    </net>
    <net code="33" name="unconnected-(U3-NC-Pad34)">
      <node ref="U3" pin="34" pinfunction="NC" pintype="no_connect"/>
    </net>
    <net code="34" name="unconnected-(U3-NC-Pad35)">
      <node ref="U3" pin="35" pinfunction="NC" pintype="no_connect"/>
    </net>
  </nets>
</export>
